from|to|is_spam|confidence
|||
|||
|||
|||
|||
|||
|||
|||
|||
|||
|||
|||
|||
|||
|||
|||
|||
|||
|||
|||
|||
|||
|||
|||
|||
|||
|||
|||
|||
|||
|||
|||
|||
|||
|||
|||
|source@collab.sakaiproject.org||
stephen.marquard@uct.ac.za|||
|||
|||
|||
|||
||Innocent|
|||
|||: 0.8475
|||
|||
|||
|||
|||
|||
|||
|||
|||
|||
|||
|||
|||
|||
|||
|||
|||
|||
|||
|||
|||
|||
|||
|||
|||
|||
|||
|||
|||
|||
|||
|||
|||
|||
|||
|||
|||
|||
|||
|||
|||
|||
|||
|||
|||
|||
|||
|||
|||
|||
|||
|source@collab.sakaiproject.org||
stephen.marquard@uct.ac.za|||
|||
|||
|||
|||
||Innocent|
|||
|||: 0.8475
|||
|||
|||
|||
|||
|||
|||
|||
|||
|||
|||
|||
|||
|||
|||
|||
|||
|||
|||
|||
|||
|||
|||
|||
|||
|||
|||
|||
|||
|||
|||
|||
|||
|||
|||
|||
|||
|||
|||
|||
|||
|||
|||
|||
|||
|||
|||
|||
|||
|||
|||
|||
|||
|||
|||
|||
|source@collab.sakaiproject.org||
louis@media.berkeley.edu|||
|||
|||
|||
|||
||Innocent|
|||
|||: 0.6178
|||
|||
|||
|||
|||
|||
|||
|||
|||
|||
|||
|||
|||
|||
|||
|||
|||
|||
|||
|||
|||
|||
|||
|||
|||
|||
|||
|||
|||
|||
|||
|||
|||
|||
|||
|||
|||
|||
|||
|||
|||
|||
|||
|||
|||
|||
|||
|||
|||
|||
|||
|||
|||
|||
|||
|||
|source@collab.sakaiproject.org||
zqian@umich.edu|||
|||
|||
|||
|||
||Innocent|
|||
|||: 0.6961
|||
|||
|||
|||
|||
|||
|||
|||
|||
|||
|||
|||
|||
|||
|||
|||
|||
|||
|||
|||
|||
|||
|||
|||
|||
|||
|||
|||
|||
|||
|||
|||
|||
|||
|||
|||
|||
|||
|||
|||
|||
|||
|||
|||
|||
|||
|||
|||
|||
|||
|||
|||
|||
|||
|||
|source@collab.sakaiproject.org||
rjlowe@iupui.edu|||
|||
|||
|||
|||
||Innocent|
|||
|||: 0.7565
|||
|||
|||
|||
|||
|||
|||
|||
|||
|||
|||
|||
|||
|||
|||
|||
|||
|||
|||
|||
|||
|||
|||
|||
|||
|||
|||
|||
|||
|||
|||
|||
|||
|||
|||
|||
|||
|||
|||
|||
|||
|||
|||
|||
|||
|||
|||
|||
|||
|||
|||
|||
|||
|||
|||
|||
|||
|||
|||
|source@collab.sakaiproject.org||
zqian@umich.edu|||
|||
|||
|||
|||
||Innocent|
|||
|||: 0.7626
|||
|||
|||
|||
|||
|||
|||
|||
|||
|||
|||
|||
|||
|||
|||
|||
|||
|||
|||
|||
|||
|||
|||
|||
|||
|||
|||
|||
|||
|||
|||
|||
|||
|||
|||
|||
|||
|||
|||
|||
|||
|||
|||
|||
|||
|||
|||
|||
|||
|||
|||
|||
|||
|||
|||
|||
|||
|||
|||
|||
|||
|||
|||
|||
|source@collab.sakaiproject.org||
rjlowe@iupui.edu|||
|||
|||
|||
|||
||Innocent|
|||
|||: 0.7556
|||
|||
|||
|||
|||
|||
|||
|||
|||
|||
|||
|||
|||
|||
|||
|||
|||
|||
|||
|||
|||
|||
|||
|||
|||
|||
|||
|||
|||
|||
|||
|||
|||
|||
|||
|||
|||
|||
|||
|||
|||
|||
|||
|||
|||
|||
|||
|||
|||
|||
|||
|||
|||
|||
|||
|||
|||
|||
|||
|||
|||
|||
|||
|||
|||
|||
|||
|||
|||
|||
|source@collab.sakaiproject.org||
cwen@iupui.edu|||
|||
|||
|||
|||
||Innocent|
|||
|||: 0.7002
|||
|||
|||
|||
|||
|||
|||
|||
|||
|||
|||
|||
|||
|||
|||
|||
|||
|||
|||
|||
|||
|||
|||
|||
|||
|||
|||
|||
|||
|||
|||
|||
|||
|||
|||
|||
|||
|||
|||
|||
|||
|||
|||
|||
|||
|||
|||
|||
|||
|||
|||
|||
|||
|||
|||
|||
|||
|||
|||
|||
|||
|||
|||
|||
|||
|||
|||
|||
|||
|||
|source@collab.sakaiproject.org||
cwen@iupui.edu|||
|||
|||
|||
|||
||Innocent|
|||
|||: 0.7615
|||
|||
|||
|||
|||
|||
|||
|||
|||
|||
|||
|||
|||
|||
|||
|||
|||
|||
|||
|||
|||
|||
|||
|||
|||
|||
|||
|||
|||
|||
|||
|||
|||
|||
|||
|||
|||
|||
|||
|||
|||
|||
|||
|||
|||
|||
|||
|||
|||
|||
|||
|||
|||
|||
|||
|||
|||
|||
|||
|||
|||
|||
|||
|||
|||
|||
|||
|||
|||
|||
|source@collab.sakaiproject.org||
gsilver@umich.edu|||
|||
|||
|||
|||
||Innocent|
|||
|||: 0.7601
|||
|||
|||
|||
|||
|||
|||
|||
|||
|||
|||
|||
|||
|||
|||
|||
|||
|||
|||
|||
|||
|||
|||
|||
|||
|||
|||
|||
|||
|||
|||
|||
|||
|||
|||
|||
|||
|||
|||
|||
|||
|||
|||
|||
|||
|||
|||
|||
|||
|||
|||
|||
|||
|||
|||
|||
|||
|source@collab.sakaiproject.org||
gsilver@umich.edu|||
|||
|||
|||
|||
||Innocent|
|||
|||: 0.7605
|||
|||
|||
|||
|||
|||
|||
|||
|||
|||
|||
|||
|||
|||
|||
|||
|||
|||
|||
|||
|||
|||
|||
|||
|||
|||
|||
|||
|||
|||
|||
|||
|||
|||
|||
|||
|||
|||
|||
|||
|||
|||
|||
|||
|||
|||
|||
|||
|||
|||
|||
|||
|||
|||
|||
|||
|||
|source@collab.sakaiproject.org||
zqian@umich.edu|||
|||
|||
|||
|||
||Innocent|
|||
|||: 0.6959
|||
|||
|||
|||
|||
|||
|||
|||
|||
|||
|||
|||
|||
|||
|||
|||
|||
|||
|||
|||
|||
|||
|||
|||
|||
|||
|||
|||
|||
|||
|||
|||
|||
|||
|||
|||
|||
|||
|||
|||
|||
|||
|||
|||
|||
|||
|||
|||
|||
|||
|||
|||
|||
|||
|||
|||
|source@collab.sakaiproject.org||
gsilver@umich.edu|||
|||
|||
|||
|||
||Innocent|
|||
|||: 0.7606
|||
|||
|||
|||
|||
|||
|||
|||
|||
|||
|||
|||
|||
|||
|||
|||
|||
|||
|||
|||
|||
|||
|||
|||
|||
|||
|||
|||
|||
|||
|||
|||
|||
|||
|||
|||
|||
|||
|||
|||
|||
|||
|||
|||
|||
|||
|||
|||
|||
|||
|||
|||
|||
|||
|||
|||
|||
|source@collab.sakaiproject.org||
wagnermr@iupui.edu|||
|||
|||
|||
|||
||Innocent|
|||
|||: 0.7559
|||
|||
|||
|||
|||
|||
|||
|||
|||
|||
|||
|||
|||
|||
|||
|||
|||
|||
|||
|||
|||
|||
|||
|||
|||
|||
|||
|||
|||
|||
|||
|||
|||
|||
|||
|||
|||
|||
|||
|||
|||
|||
|||
|||
|||
|||
|||
|||
|||
|||
|||
|||
|||
|||
|||
|||
|||
|||
|||
|||
|source@collab.sakaiproject.org||
zqian@umich.edu|||
|||
|||
|||
|||
||Innocent|
|||
|||: 0.7605
|||
|||
|||
|||
|||
|||
|||
|||
|||
|||
|||
|||
|||
|||
|||
|||
|||
|||
|||
|||
|||
|||
|||
|||
|||
|||
|||
|||
|||
|||
|||
|||
|||
|||
|||
|||
|||
|||
|||
|||
|||
|||
|||
|||
|||
|||
|||
|||
|||
|||
|||
|||
|||
|||
|||
|||
|source@collab.sakaiproject.org||
antranig@caret.cam.ac.uk|||
|||
|||
|||
|||
||Innocent|
|||
|||: 0.6932
|||
|||
|||
|||
|||
|||
|||
|||
|||
|||
|||
|||
|||
|||
|||
|||
|||
|||
|||
|||
|||
|||
|||
|||
|||
|||
|||
|||
|||
|||
|||
|||
|||
|||
|||
|||
|||
|||
|||
|||
|||
|||
|||
|||
|||
|||
|||
|||
|||
|||
|||
|||
|||
|||
|||
|||
|||
|||
|||
|||
|||
|||
|||
|||
|||
|||
|||
|||
|source@collab.sakaiproject.org||
gopal.ramasammycook@gmail.com|||
|||
|||
|||
|||
||Innocent|
|||
|||: 0.7558
|||
|||
|||
|||
|||
|||
|||
|||
|||
|||
|||
|||
|||
|||
|||
|||
|||
|||
|||
|||
|||
|||
|||
|||
|||
|||
|||
|||
|||
|||
|||
|||
|||
|||
|||
|||
|||
|||
|||
|||
|||
|||
|||
|||
|||
|||
|||
|||
|||
|||
|||
|||
|||
|||
|||
|||
|||
|||
|||
|||
|||
|||
|||
|||
|||
|source@collab.sakaiproject.org||
david.horwitz@uct.ac.za|||
|||
|||
|||
|||
||Innocent|
|||
|||: 0.6526
|||
|||
|||
|||
|||
|||
|||
|||
|||
|||
|||
|||
|||
|||
|||
|||
|||
|||
|||
|||
|||
|||
|||
|||
|||
|||
|||
|||
|||
|||
|||
|||
|||
|||
|||
|||
|||
|||
|||
|||
|||
|||
|||
|||
|||
|||
|||
|||
|||
|||
|||
|||
|||
|||
|||
|||
|||
|||
|||
|||
|||
|||
|||
|||
|||
|||
|||
|||
|||
|||
|||
|||
|||
|||
|||
|||
|||
|source@collab.sakaiproject.org||
david.horwitz@uct.ac.za|||
|||
|||
|||
|||
||Innocent|
|||
|||: 0.6948
|||
|||
|||
|||
|||
|||
|||
|||
|||
|||
|||
|||
|||
|||
|||
|||
|||
|||
|||
|||
|||
|||
|||
|||
|||
|||
|||
|||
|||
|||
|||
|||
|||
|||
|||
|||
|||
|||
|||
|||
|||
|||
|||
|||
|||
|||
|||
|||
|||
|||
|||
|||
|||
|||
|||
|||
|||
|||
|||
|||
|source@collab.sakaiproject.org||
david.horwitz@uct.ac.za|||
|||
|||
|||
|||
||Innocent|
|||
|||: 0.6528
|||
|||
|||
|||
|||
|||
|||
|||
|||
|||
|||
|||
|||
|||
|||
|||
|||
|||
|||
|||
|||
|||
|||
|||
|||
|||
|||
|||
|||
|||
|||
|||
|||
|||
|||
|||
|||
|||
|||
|||
|||
|||
|||
|||
|||
|||
|||
|||
|||
|||
|||
|||
|||
|||
|||
|||
|||
|||
|||
|||
|||
|||
|||
|||
|||
|||
|||
|||
|||
|source@collab.sakaiproject.org||
david.horwitz@uct.ac.za|||
|||
|||
|||
|||
||Innocent|
|||
|||: 0.7002
|||
|||
|||
|||
|||
|||
|||
|||
|||
|||
|||
|||
|||
|||
|||
|||
|||
|||
|||
|||
|||
|||
|||
|||
|||
|||
|||
|||
|||
|||
|||
|||
|||
|||
|||
|||
|||
|||
|||
|||
|||
|||
|||
|||
|||
|||
|||
|||
|||
|||
|||
|||
|||
|||
|||
|||
|||
|||
|||
|||
|||
|||
|||
|||
|||
|||
|||
|||
|||
|||
|||
|||
|||
|||
|||
|||
|||
|source@collab.sakaiproject.org||
stephen.marquard@uct.ac.za|||
|||
|||
|||
|||
||Innocent|
|||
|||: 0.7554
|||
|||
|||
|||
|||
|||
|||
|||
|||
|||
|||
|||
|||
|||
|||
|||
|||
|||
|||
|||
|||
|||
|||
|||
|||
|||
|||
|||
|||
|||
|||
|||
|||
|||
|||
|||
|||
|||
|||
|||
|||
|||
|||
|||
|||
|||
|||
|||
|||
|||
|||
|||
|||
|||
|||
|source@collab.sakaiproject.org||
louis@media.berkeley.edu|||
|||
|||
|||
|||
||Innocent|
|||
|||: 0.6956
|||
|||
|||
|||
|||
|||
|||
|||
|||
|||
|||
|||
|||
|||
|||
|||
|||
|||
|||
|||
|||
|||
|||
|||
|||
|||
|||
|||
|||
|||
|||
|||
|||
|||
|||
|||
|||
|||
|||
|||
|||
|||
|||
|||
|||
|||
|||
|||
|||
|||
|||
|||
|||
|||
|||
|||
|source@collab.sakaiproject.org||
louis@media.berkeley.edu|||
|||
|||
|||
|||
||Innocent|
|||
|||: 0.6959
|||
|||
|||
|||
|||
|||
|||
|||
|||
|||
|||
|||
|||
|||
|||
|||
|||
|||
|||
|||
|||
|||
|||
|||
|||
|||
|||
|||
|||
|||
|||
|||
|||
|||
|||
|||
|||
|||
|||
|||
|||
|||
|||
|||
|||
|||
|||
|||
|||
|||
|||
|||
|||
|||
|||
|||
|source@collab.sakaiproject.org||
ray@media.berkeley.edu|||
|||
|||
|||
|||
||Innocent|
|||
|||: 0.7556
|||
|||
|||
|||
|||
|||
|||
|||
|||
|||
|||
|||
|||
|||
|||
|||
|||
|||
|||
|||
|||
|||
|||
|||
|||
|||
|||
|||
|||
|||
|||
|||
|||
|||
|||
|||
|||
|||
|||
|||
|||
|||
|||
|||
|||
|||
|||
|||
|||
|||
|||
|||
|||
|||
|||
|source@collab.sakaiproject.org||
cwen@iupui.edu|||
|||
|||
|||
|||
||Innocent|
|||
|||: 0.9846
|||
|||
|||
|||
|||
|||
|||
|||
|||
|||
|||
|||
|||
|||
|||
|||
|||
|||
|||
|||
|||
|||
|||
|||
|||
|||
|||
|||
|||
|||
|||
|||
|||
|||
|||
|||
|||
|||
|||
|||
|||
|||
|||
|||
|||
|||
|||
|||
|||
|||
|||
|||
|||
|||
|||
|||
|source@collab.sakaiproject.org||
cwen@iupui.edu|||
|||
|||
|||
|||
||Innocent|
|||
|||: 0.8509
|||
|||
|||
|||
|||
|||
|||
|||
|||
|||
|||
|||
|||
|||
|||
|||
|||
|||
|||
|||
|||
|||
|||
|||
|||
|||
|||
|||
|||
|||
|||
|||
|||
|||
|||
|||
|||
|||
|||
|||
|||
|||
|||
|||
|||
|||
|||
|||
|||
|||
|||
|||
|||
|||
|||
|||
|||
|||
|||
|||
|||
|||
|||
|||
|||
|||
|source@collab.sakaiproject.org||
cwen@iupui.edu|||
|||
|||
|||
|||
||Innocent|
|||
|||: 0.9907
|||
|||
|||
|||
|||
|||
|||
|||
|||
|||
|||
|||
|||
|||
|||
|||
|||
|||
|||
|||
|||
|||
|||
|||
|||
|||
|||
|||
stephen.marquard@uct.ac.za|source@collab.sakaiproject.org|Innocent|0.8475
louis@media.berkeley.edu|source@collab.sakaiproject.org|Innocent|0.6178
zqian@umich.edu|source@collab.sakaiproject.org|Innocent|0.6961
rjlowe@iupui.edu|source@collab.sakaiproject.org|Innocent|0.7565
zqian@umich.edu|source@collab.sakaiproject.org|Innocent|0.7626
rjlowe@iupui.edu|source@collab.sakaiproject.org|Innocent|0.7556
cwen@iupui.edu|source@collab.sakaiproject.org|Innocent|0.7002
cwen@iupui.edu|source@collab.sakaiproject.org|Innocent|0.7615
gsilver@umich.edu|source@collab.sakaiproject.org|Innocent|0.7601
gsilver@umich.edu|source@collab.sakaiproject.org|Innocent|0.7605
zqian@umich.edu|source@collab.sakaiproject.org|Innocent|0.6959
gsilver@umich.edu|source@collab.sakaiproject.org|Innocent|0.7606
wagnermr@iupui.edu|source@collab.sakaiproject.org|Innocent|0.7559
zqian@umich.edu|source@collab.sakaiproject.org|Innocent|0.7605
antranig@caret.cam.ac.uk|source@collab.sakaiproject.org|Innocent|0.6932
gopal.ramasammycook@gmail.com|source@collab.sakaiproject.org|Innocent|0.7558
david.horwitz@uct.ac.za|source@collab.sakaiproject.org|Innocent|0.6526
david.horwitz@uct.ac.za|source@collab.sakaiproject.org|Innocent|0.6948
david.horwitz@uct.ac.za|source@collab.sakaiproject.org|Innocent|0.6528
david.horwitz@uct.ac.za|source@collab.sakaiproject.org|Innocent|0.7002
stephen.marquard@uct.ac.za|source@collab.sakaiproject.org|Innocent|0.7554
louis@media.berkeley.edu|source@collab.sakaiproject.org|Innocent|0.6956
louis@media.berkeley.edu|source@collab.sakaiproject.org|Innocent|0.6959
ray@media.berkeley.edu|source@collab.sakaiproject.org|Innocent|0.7556
cwen@iupui.edu|source@collab.sakaiproject.org|Innocent|0.9846
cwen@iupui.edu|source@collab.sakaiproject.org|Innocent|0.8509
cwen@iupui.edu|source@collab.sakaiproject.org|Innocent|0.9907
